{"cameraMode":{"drawMode":0,"name":"Shaded","section":"Shading Mode"},"sceneLighting":true,"audioPlay":false,"sceneViewState":{"showFog":true,"showMaterialUpdate":false,"showSkybox":true,"showFlares":true,"showImageEffects":true,"showParticleSystems":true},"in2DMode":false,"pivot":{"x":0.3147389888763428,"y":-9.801614761352539,"z":-8.539224624633789},"rotation":{"x":0.005084482952952385,"y":-0.9403601884841919,"z":0.33986273407936098,"w":0.0140845887362957},"size":40.94267654418945,"orthographic":false}